{
	"format_version": "1.8.0",
	"animations": {
		"snowmen_livitation": {
			"loop": true,
			"animation_length": 1.5,
			"bones": {
				"bone": {
					"position": {
						"0.0": [0, 3, 0],
						"0.75": [0, 5, 0],
						"1.5": [0, 3, 0]
					}
				},
				"head": {
					"rotation": {
						"0.0": [0, 0, 0],
						"0.0417": [0, -15, 0],
						"0.25": [-3.96713, -14.47751, 15.50409],
						"0.375": [1.3378, -14.94159, -5.17544],
						"0.5": [0, 0, 0],
						"0.5833": [0.26706, 10.48844, 2.05208],
						"0.6667": [0.6574, 7.4713, 5.04292],
						"0.75": [1.95155, 7.24305, 15.12353],
						"0.8333": [1.96736, -10.24688, 14.52728],
						"0.875": [2.22953, 29.72852, 15.98341],
						"0.9167": [0, 0, 0],
						"0.9583": [0, 0, 10],
						"1.0417": [0, 27.5, 10],
						"1.0833": [0, 10, 10],
						"1.125": [0, -10, 10],
						"1.25": [0, 0, 10],
						"1.3333": [0, 0, 25],
						"1.375": [0, 10, 25],
						"1.4167": [0, -15, 25],
						"1.4583": [5.18447, -11.58642, 4.58593],
						"1.5": [0, 0, 0]
					},
					"position": {
						"0.0": [0, 0, 0],
						"0.0417": [0, 0, 1],
						"0.0833": [0, 0, 0],
						"0.125": [0, 0, -1],
						"0.1667": [0, 0, 0],
						"0.25": [0, -1, 0],
						"0.2917": [0, 0, 0],
						"0.3333": [0, -1, 0],
						"0.375": [0, 0, 0]
					}
				},
				"rukav_r": {
					"rotation": [9.9352, 3.76135, -6.95601]
				},
				"rukav_l": {
					"rotation": [-9.91615, -1.29876, -7.38733]
				},
				"r_hend": {
					"rotation": [24.81197, 3.1622, -6.80423]
				},
				"l_hend": {
					"rotation": [-24.81197, -3.1622, -6.80423]
				},
				"leg_r": {
					"rotation": [0, 0, -5]
				},
				"leg_l": {
					"rotation": [0, 0, -5]
				}
			}
		},
		"vzletSnowmen": {
			"animation_length": 1,
			"bones": {
				"bone": {
					"position": {
						"0.0": [0, 0, 0],
						"1.0": [0, 3, 0]
					}
				},
				"rukav_r": {
					"rotation": {
						"0.0": [0, 0, 0],
						"1.0": [9.9352, 3.76135, -6.95601]
					}
				},
				"rukav_l": {
					"rotation": {
						"0.0": [0, 0, 0],
						"1.0": [-9.91615, -1.29876, -7.38733]
					}
				},
				"r_hend": {
					"rotation": {
						"0.0": [0, 0, 0],
						"1.0": [24.81197, 3.1622, -6.80423]
					}
				},
				"l_hend": {
					"rotation": {
						"0.0": [0, 0, 0],
						"1.0": [-24.81197, -3.1622, -6.80423]
					}
				},
				"leg_r": {
					"rotation": {
						"0.0": [0, 0, 0],
						"1.0": [0, 0, -5]
					}
				},
				"leg_l": {
					"rotation": {
						"0.0": [0, 0, 0],
						"1.0": [0, 0, -5]
					}
				}
			}
		},
		"snowmen": {
			"loop": true,
			"animation_length": 3,
			"bones": {
				"main_body": {
					"rotation": {
						"0.0": [0, 0, 0],
						"0.75": [0, 2.5, 0],
						"2.25": [0, -2.5, 0],
						"3.0": [0, 0, 0]
					},
					"position": [0, 0, 0]
				},
				"head": {
					"rotation": {
						"0.0": [0, 0, 0],
						"0.75": [0, -2.5, 0],
						"2.25": [0, 5, 0],
						"3.0": [0, 0, 0]
					},
					"position": [0, 0, 0]
				},
				"r_hend": {
					"rotation": {
						"0.0": [0, 0, 0],
						"0.75": [0, 0, -5],
						"2.25": [0, 0, 5],
						"3.0": [0, 0, 0]
					},
					"position": [0, 0, 0]
				},
				"l_hend": {
					"rotation": {
						"0.0": [0, 0, 0],
						"0.75": [0, 0, 5],
						"2.25": [0, 0, -5],
						"3.0": [0, 0, 0]
					},
					"position": [0, 0, 0]
				},
				"leg_r": {
					"rotation": {
						"0.0": [0, 0, 0],
						"0.75": [0, 0, 5],
						"1.5": [0, 0, 0],
						"2.25": [0, 0, -5],
						"3.0": [0, 0, 0]
					},
					"position": {
						"0.0": [0, 0, 0],
						"1.5": [0, 0, 0]
					}
				},
				"leg_l": {
					"rotation": {
						"0.0": [0, 0, 0],
						"0.75": [0, 0, -5],
						"1.5": [0, 0, 0],
						"2.25": [0, 0, 5],
						"3.0": [0, 0, 0]
					},
					"position": {
						"0.0": [0, 0, 0],
						"1.5": [0, 0, 0]
					}
				}
			}
		},
		"spusk": {
			"animation_length": 1,
			"bones": {
				"bone": {
					"position": {
						"0.0": [0, 3, 0],
						"1.0": [0, 0, 0]
					}
				},
				"rukav_r": {
					"rotation": {
						"0.0": [9.9352, 3.76135, -6.95601],
						"1.0": [0, 0, 0]
					}
				},
				"rukav_l": {
					"rotation": {
						"0.0": [-9.91615, -1.29876, -7.38733],
						"1.0": [0, 0, 0]
					}
				},
				"r_hend": {
					"rotation": {
						"0.0": [24.81197, 3.1622, -6.80423],
						"1.0": [0, 0, 0]
					}
				},
				"l_hend": {
					"rotation": {
						"0.0": [-24.81197, -3.1622, -6.80423],
						"1.0": [0, 0, 0]
					}
				},
				"leg_r": {
					"rotation": {
						"0.0": [0, 0, -5],
						"1.0": [0, 0, 0]
					}
				},
				"leg_l": {
					"rotation": {
						"0.0": [0, 0, -5],
						"1.0": [0, 0, 0]
					}
				}
			}
		},
		"levitation": {
			"loop": true,
			"animation_length": 1.5,
			"bones": {
				"bone": {
					"position": {
						"0.0": [0, 3, 0],
						"0.75": [0, 5, 0],
						"1.5": [0, 3, 0]
					}
				},
				"head": {
					"rotation": {
						"0.0": [0, 0, 0],
						"0.0417": [0, -15, 0],
						"0.25": [-3.96713, -14.47751, 15.50409],
						"0.375": [1.3378, -14.94159, -5.17544],
						"0.5": [0, 0, 0],
						"0.5833": [0.26706, 10.48844, 2.05208],
						"0.6667": [0.6574, 7.4713, 5.04292],
						"0.75": [1.95155, 7.24305, 15.12353],
						"0.8333": [1.96736, -10.24688, 14.52728],
						"0.875": [2.22953, 29.72852, 15.98341],
						"0.9167": [0, 0, 0],
						"0.9583": [0, 0, 10],
						"1.0417": [0, 27.5, 10],
						"1.0833": [0, 10, 10],
						"1.125": [0, -10, 10],
						"1.25": [0, 0, 10],
						"1.3333": [0, 0, 25],
						"1.375": [0, 10, 25],
						"1.4167": [0, -15, 25],
						"1.4583": [5.18447, -11.58642, 4.58593],
						"1.5": [0, 0, 0]
					},
					"position": {
						"0.0": [0, 0, 0],
						"0.0417": [0, 0, 1],
						"0.0833": [0, 0, 0],
						"0.125": [0, 0, -1],
						"0.1667": [0, 0, 0],
						"0.25": [0, -1, 0],
						"0.2917": [0, 0, 0],
						"0.3333": [0, -1, 0],
						"0.375": [0, 0, 0]
					}
				},
				"rukav_r": {
					"rotation": [9.9352, 3.76135, -6.95601]
				},
				"rukav_l": {
					"rotation": [-9.91615, -1.29876, -7.38733]
				},
				"r_hend": {
					"rotation": [24.81197, 3.1622, -6.80423]
				},
				"l_hend": {
					"rotation": [-24.81197, -3.1622, -6.80423]
				},
				"leg_r": {
					"rotation": [0, 0, -5]
				},
				"leg_l": {
					"rotation": [0, 0, -5]
				}
			}
		},
		"take_off": {
			"loop": "hold_on_last_frame",
			"animation_length": 1,
			"bones": {
				"bone": {
					"position": {
						"0.0": [0, 0, 0],
						"1.0": [0, 24, 0]
					}
				},
				"rukav_r": {
					"rotation": {
						"0.0": [0, 0, 0],
						"1.0": [9.9352, 3.76135, -6.95601]
					}
				},
				"rukav_l": {
					"rotation": {
						"0.0": [0, 0, 0],
						"1.0": [-9.91615, -1.29876, -7.38733]
					}
				},
				"r_hend": {
					"rotation": {
						"0.0": [0, 0, 0],
						"1.0": [24.81197, 3.1622, -6.80423]
					}
				},
				"l_hend": {
					"rotation": {
						"0.0": [0, 0, 0],
						"1.0": [-24.81197, -3.1622, -6.80423]
					}
				},
				"leg_r": {
					"rotation": {
						"0.0": [0, 0, 0],
						"1.0": [0, 0, -5]
					}
				},
				"leg_l": {
					"rotation": {
						"0.0": [0, 0, 0],
						"1.0": [0, 0, -5]
					}
				}
			}
		},
		"hit": {
			"animation_length": 2.125,
			"bones": {
				"head": {
					"rotation": {
						"0.0": [0, 0, 0],
						"1.0": [0, -12.5, 0],
						"1.3333": [0, -12.5, 0],
						"2.125": [0, 0, 0]
					}
				},
				"rukav_r": {
					"rotation": {
						"0.0": [0, 0, 0],
						"0.0833": [0, 0, 0],
						"1.0": [0, 0, 73.75],
						"1.3333": [0, 0, 73.75],
						"2.125": [0, 0, 0]
					},
					"position": {
						"0.0": [0, 0, 0],
						"0.0833": [0, 0, 0],
						"1.0833": [0.3, 1.2, 0],
						"1.3333": [0, 0, 0],
						"2.125": [0, 0, 0]
					}
				},
				"r_hend": {
					"rotation": {
						"0.0": [0, 0, 0],
						"1.0": [0, 0, 85],
						"1.0833": [2.5, 0, 85],
						"1.3333": [0, 0, 85],
						"2.125": [0, 0, 0]
					},
					"position": {
						"0.0": [0, 0, 0],
						"1.0": [0, -2, 0],
						"1.0833": [2, 0, 0],
						"1.3333": [0, -2, 0],
						"2.125": [0, 0, 0]
					}
				}
			}
		},
		"walk": {
			"loop": true,